product_id,product,product_category,product_brand
1,Callaway Paradym Fairway Wood - 3W Stiff,Drivers & Woods,Callaway
2,Nike Golf Dri-FIT Polo - Black - Size M,Apparel,Nike Golf
3,Callaway Chrome Soft Golf Balls - 2 Dozen Bundle,Golf Balls,Callaway
4,FootJoy Pro/SL Golf Shoes - Size 11 - Grey,Footwear,FootJoy
5,Ping Hoofer Stand Bag - Blue,Golf Bags,Ping
6,SuperStroke Tour Velvet 360 Grip Set (13 pc),Accessories,SuperStroke
7,Bushnell Tour V6 Shift Rangefinder,Accessories,Bushnell
8,Ping G430 MAX Driver - 9.5 Regular,Drivers & Woods,Ping
9,Under Armour HOVR Drive Golf Shoes - Size 12 - White,Footwear,Under Armour
10,Scotty Cameron Newport 2 Putter - 34,Putters,Scotty Cameron
11,TravisMathew The Zinna Polo - Black - Size L,Apparel,TravisMathew
12,Ping G430 MAX Driver - 9.5 Ladies,Drivers & Woods,Ping
13,Srixon ZX Mk II Fairway Wood - 3W Stiff,Drivers & Woods,Srixon
14,Odyssey White Hot OG Mallet Putter - 34,Putters,Odyssey
15,Srixon ZX5 Iron Set (5-PW) - Regular,Irons & Wedges,Srixon
16,Nike Golf Dri-FIT Performance Shorts - Green - Waist 34,Apparel,Nike Golf
17,Bettinardi Queen B #6 Mallet Putter - 34,Putters,Bettinardi
18,Ping G430 MAX Driver - 10.5 Regular,Drivers & Woods,Ping
19,Cobra King Tour Driving Iron - 2i,Irons & Wedges,Cobra
20,Evnroll ER2 Mallet Putter - 33,Putters,Evnroll
21,TaylorMade Stealth 2 Driver - 10.5 Senior,Drivers & Woods,TaylorMade
22,FootJoy Pro/SL Spikeless Shoes - Size 9.5,Footwear,FootJoy
23,Nike Golf Air Max 90 G Golf Shoes - Size 10.5 - Silver,Footwear,Nike Golf
24,Bettinardi Queen B #6 Blade Putter - 33,Putters,Bettinardi
25,Nike Golf Air Max 90 G Golf Shoes - Size 10 - Black,Footwear,Nike Golf
26,Puma Golf Ignite Articulate Golf Shoes - Size 11 - Blue,Footwear,Puma Golf
27,Callaway Fairway C Stand Bag - Silver,Golf Bags,Callaway
28,Wilson Staff Duo Soft Golf Balls - Dozen Pack,Golf Balls,Wilson Staff
29,TaylorMade P790 Iron Set (5-PW) - Regular,Irons & Wedges,TaylorMade
30,Sun Mountain 4.5 LS Stand Bag - Navy,Golf Bags,Sun Mountain
31,Adidas Golf Ultimate365 Polo - Silver - Size S,Apparel,Adidas Golf
32,TaylorMade P790 Driving Iron - 2i,Irons & Wedges,TaylorMade
33,Mizuno JPX923 Hot Metal Driving Iron - 2i,Irons & Wedges,Mizuno
34,TaylorMade Spider GT Putter - 34,Putters,TaylorMade
35,TaylorMade Tour Response Golf Balls - 2 Dozen Bundle,Golf Balls,TaylorMade
36,Wilson Staff Duo Soft - Yellow - Dozen Pack,Golf Balls,Wilson Staff
37,TaylorMade Spider GT Mallet Putter - 34,Putters,TaylorMade
38,TaylorMade Spider GT Mallet Putter - 33,Putters,TaylorMade
39,Evnroll ER2 Putter - 33,Putters,Evnroll
40,TaylorMade FlexTech Stand Bag - Green,Golf Bags,TaylorMade
41,Adidas Golf Codechaos Golf Shoes - Size 10.5 - Green,Footwear,Adidas Golf
42,Nike Golf Dri-FIT Polo - Silver - Size XXL,Apparel,Nike Golf
43,Nike Golf Dri-FIT 1/4 Zip Pullover - Blue - Size L,Apparel,Nike Golf
44,PXG GEN6 0311 Hybrid - 4H Regular,Drivers & Woods,PXG
45,Sun Mountain 4.5 LS Stand Bag - Black,Golf Bags,Sun Mountain
46,Cobra King Tour Wedge - 52,Irons & Wedges,Cobra
47,Titleist Tour Performance Hat - Green,Accessories,Titleist
48,TaylorMade Tour Response - Yellow - Dozen Pack,Golf Balls,TaylorMade
49,PXG 0211 Iron Set (5-PW) - Ladies,Irons & Wedges,PXG
50,Evnroll ER2 Putter - 34,Putters,Evnroll
51,Wilson Staff Duo Soft Golf Balls - 2 Dozen Bundle,Golf Balls,Wilson Staff
52,Titleist Players 4 Stand Bag - Black,Golf Bags,Titleist
53,Peter Millar Crown Sport 1/4 Zip Pullover - Blue - Size XXL,Apparel,Peter Millar
54,TaylorMade Spider GT Blade Putter - 33,Putters,TaylorMade
55,Titleist TSR2 Driver - 10.5 Regular,Drivers & Woods,Titleist
56,TravisMathew The Zinna Polo - Green - Size L,Apparel,TravisMathew
57,Clicgear Tour 2.0 Putter Grip,Accessories,Clicgear
58,Callaway Paradym Hybrid - 4H Regular,Drivers & Woods,Callaway
59,Odyssey White Hot OG Mallet Putter - 35,Putters,Odyssey
60,FootJoy Pro/SL Spikeless Shoes - Size 9,Footwear,FootJoy
61,Nike Golf Air Max 90 G Spikeless Shoes - Size 10.5,Footwear,Nike Golf
62,Adidas Golf Ultimate365 Polo - Blue - Size L,Apparel,Adidas Golf
63,PXG GEN6 0311 Driver - 8.0 Senior,Drivers & Woods,PXG
64,TaylorMade P790 Driving Iron - 2i,Irons & Wedges,TaylorMade
65,Ping Anser Blade Putter - 34,Putters,Ping
66,Srixon ZX Mk II Hybrid - 4H X-Stiff,Drivers & Woods,Srixon
67,PXG GEN6 0311 Fairway Wood - 3W Regular,Drivers & Woods,PXG
68,Sun Mountain 4.5 LS Cart Bag - Red,Golf Bags,Sun Mountain
69,Srixon Z-Star Golf Balls - Dozen Pack,Golf Balls,Srixon
70,TaylorMade P790 Driving Iron - 2i,Irons & Wedges,TaylorMade
71,Titleist TSR2 Driver - 12.0 Regular,Drivers & Woods,Titleist
72,TravisMathew The Zinna 1/4 Zip Pullover - Blue - Size S,Apparel,TravisMathew
73,Srixon Z-Star Golf Balls - 2 Dozen Bundle,Golf Bags,Srixon
74,Nike Golf Dri-FIT Performance Shorts - Silver - Waist 34,Apparel,Nike Golf
75,Mizuno ST-Z 230 Driver - 9.0 Stiff,Drivers & Woods,Mizuno
76,FootJoy Weather-Sof Rain Jacket - Size XL,Apparel,FootJoy
77,Cobra King Tour Iron Set (5-PW) - X-Stiff,Irons & Wedges,Cobra
78,Titleist Pro V1 Golf Balls - Dozen Pack,Golf Balls,Titleist
79,PXG 0211 Iron Set (5-PW) - Regular,Irons & Wedges,PXG
80,Vice Golf Pro Plus - Yellow - Dozen Pack,Golf Balls,Vice Golf
81,TaylorMade Stealth 2 Driver - 9.5 Stiff,Drivers & Woods,TaylorMade
82,Sun Mountain Chiller Stand Bag - Blue,Golf Bags,Sun Mountain
83,G/FORE Feeder Stripe 1/4 Zip Pullover - Grey - Size L,Apparel,G/FORE
84,G/FORE Feeder Stripe Polo - Black - Size M,Apparel,G/FORE
85,Titleist Players 4 Stand Bag - Charcoal,Golf Bags,Titleist
86,Nike Golf Dri-FIT Performance Shorts - Blue - Waist 34,Apparel,Nike Golf
87,Evnroll ER2 Putter - 33,Putters,Evnroll
88,Titleist Tour Performance Hat - White,Accessories,Titleist
89,Odyssey White Hot OG Mallet Putter - 33,Putters,Odyssey
90,Callaway Paradym Hybrid - 4H Regular,Drivers & Woods,Callaway
91,Sun Mountain 4.5 LS Cart Bag - Silver,Golf Bags,Sun Mountain
92,Callaway Paradym Driver - 10.5 Regular,Drivers & Woods,Callaway
93,Vice Golf Pro Plus Golf Balls - 2 Dozen Bundle,Golf Balls,Vice Golf
94,Cleveland Staff Model Iron - 7 Iron,Irons & Wedges,Cleveland
95,PXG GEN6 0311 Hybrid - 4H Ladies,Drivers & Woods,PXG
96,Callaway Fairway C Stand Bag - Navy,Golf Bags,Callaway
97,Callaway Apex Pro Iron Set (5-PW) - Stiff,Irons & Wedges,Callaway
98,G/FORE MG4+ Golf Shoes - Size 12 - Grey,Footwear,G/FORE
99,FootJoy Pro/SL Spikeless Shoes - Size 10.5,Footwear,FootJoy
100,Wilson Staff Duo Soft - Yellow - Dozen Pack,Golf Balls,Wilson Staff
101,Srixon ZX Mk II Hybrid - 4H Senior,Drivers & Woods,Srixon
102,TaylorMade P790 Driving Iron - 2i,Irons & Wedges,TaylorMade
103,FootJoy Lisle Polo - Blue - Size M,Apparel,FootJoy
104,Vice Golf Pro Plus Golf Balls - Dozen Pack,Golf Balls,Vice Golf
105,Odyssey White Hot OG Putter - 33,Putters,Odyssey
106,Adidas Golf Ultimate365 1/4 Zip Pullover - Blue - Size XL,Apparel,Adidas Golf
107,TravisMathew The Zinna Polo - Green - Size S,Apparel,TravisMathew
108,Callaway Apex Pro Wedge - 58,Irons & Wedges,Callaway
109,Callaway Chrome Soft Golf Balls - Dozen Pack,Golf Balls,Callaway
110,FootJoy Pro/SL Spikeless Shoes - Size 9.5,Footwear,FootJoy
111,Callaway Fairway C Stand Bag - Charcoal,Golf Bags,Callaway
112,PXG GEN6 0311 Fairway Wood - 3W X-Stiff,Drivers & Woods,PXG
113,FootJoy Lisle 1/4 Zip Pullover - Red - Size L,Apparel,FootJoy
114,Nike Golf Air Max 90 G Golf Shoes - Size 9 - Red,Footwear,Nike Golf
115,Bag Boy Chiller Cart Bag - Grey,Golf Bags,Bag Boy
116,Nike Golf Air Max 90 G Golf Shoes - Size 10.5 - Grey,Footwear,Nike Golf
117,Titleist Tour Performance Hat - Black,Accessories,Titleist
118,TaylorMade Spider GT Blade Putter - 33,Putters,TaylorMade
119,PXG GEN6 0311 Driver - 12.0 Ladies,Drivers & Woods,PXG
120,Sun Mountain 4.5 LS Cart Bag - Navy,Golf Bags,Sun Mountain
121,Mizuno ST-Z 230 Driver - 9.0 Stiff,Drivers & Woods,Mizuno
122,Ogio WOODE Hybrid Stand Bag - Red,Golf Bags,Ogio
123,FootJoy Lisle Polo - Green - Size L,Apparel,FootJoy
124,Vice Golf Pro Plus Golf Balls - 2 Dozen Bundle,Golf Balls,Vice Golf
125,Mizuno ST-Z 230 Driver - 9.5 Stiff,Drivers & Woods,Mizuno
126,Cleveland CBX ZipCore Wedge - 56,Irons & Wedges,Cleveland
127,TaylorMade FlexTech Cart Bag - Blue,Golf Bags,TaylorMade
128,Ping G430 MAX Driver - 12.0 Regular,Drivers & Woods,Ping
129,Sun Mountain 4.5 LS Stand Bag - Blue,Golf Bags,Sun Mountain
130,Ping G430 MAX Fairway Wood - 3W Stiff,Drivers & Woods,Ping
131,FootJoy Lisle Polo - Black - Size XXL,Apparel,FootJoy
132,Oakley Sutro Sunglasses - Golf Prizm Lens,Accessories,Oakley
133,Sun Mountain Chiller Stand Bag - Blue,Golf Bags,Sun Mountain
134,Scotty Cameron Newport 2 Blade Putter - 34,Putters,Scotty Cameron
135,Under Armour HOVR Drive Golf Shoes - Size 10 - Blue,Footwear,Under Armour
136,Callaway Chrome Soft Golf Balls - Dozen Pack,Golf Balls,Callaway
137,Odyssey White Hot OG Mallet Putter - 33,Putters,Odyssey
138,TaylorMade Tour Response Golf Balls - Dozen Pack,Golf Balls,TaylorMade
139,TaylorMade FlexTech Stand Bag - Red,Golf Bags,TaylorMade
140,Cobra King Tour Wedge - 58,Irons & Wedges,Cobra
141,Callaway Paradym Driver - 12.0 Ladies,Drivers & Woods,Callaway
142,Nike Golf Dri-FIT 1/4 Zip Pullover - Silver - Size XL,Apparel,Nike Golf
143,Sun Mountain 4.5 LS Cart Bag - Black,Golf Bags,Sun Mountain
144,TaylorMade Spider GT Putter - 35,Putters,TaylorMade
145,FootJoy Traditions Spiked Shoes - White - Size 8.5,Footwear,FootJoy
146,FootJoy Weather-Sof Rain Jacket - Size XL,Apparel,FootJoy
147,Peter Millar Crown Sport Performance Shorts - Green - Waist 34,Apparel,Peter Millar
148,Sun Mountain 4.5 LS Cart Bag - Black,Golf Bags,Sun Mountain
149,FootJoy Traditions Spiked Shoes - White - Size 11,Footwear,FootJoy
150,Titleist Players Sunday Bag,Footwear,Titleist
151,Titleist T100 Iron Set (5-PW) - Regular,Irons & Wedges,Titleist
152,Adidas Golf Ultimate365 Polo - Silver - Size S,Apparel,Adidas Golf
153,PXG 0211 Iron Set (5-PW) - Regular,Irons & Wedges,PXG
154,G/FORE Feeder Stripe 1/4 Zip Pullover - Navy - Size L,Apparel,G/FORE
155,Titleist Pro V1x - Yellow - Dozen Pack,Golf Balls,Titleist
156,Bridgestone Tour B RXS Golf Balls - Dozen Pack,Golf Balls,Bridgestone
157,Callaway Apex Pro Driving Iron - 2i,Irons & Wedges,Callaway
158,Bettinardi Queen B #6 Mallet Putter - 33,Putters,Bettinardi
159,Callaway Chrome Soft Golf Balls - 2 Dozen Bundle,Golf Balls,Callaway
160,TaylorMade P790 Driving Iron - 2i,Irons & Wedges,TaylorMade
161,Adidas Golf Codechaos Golf Shoes - Size 12 - Grey,Footwear,Adidas Golf
162,Cobra Aerojet Driver - 9.5 Stiff,Drivers & Woods,Cobra
163,Callaway Chrome Soft Golf Balls - Dozen Pack,Golf Balls,Callaway
164,Ping Hoofer Stand Bag - Charcoal,Golf Bags,Ping
165,Bettinardi Queen B #6 Putter - 33,Putters,Bettinardi
166,Nike Golf Dri-FIT Polo - Blue - Size M,Apparel,Nike Golf
167,Cleveland Staff Model Wedge - 52,Irons & Wedges,Cleveland
168,Mizuno JPX923 Hot Metal Wedge - 56,Irons & Wedges,Mizuno
169,TaylorMade Stealth 2 Hybrid - 4H Senior,Drivers & Woods,TaylorMade
170,Odyssey White Hot OG Putter - 33,Putters,Odyssey
171,Callaway Fairway C Stand Bag - Navy,Golf Bags,Callaway
172,Bridgestone Tour B RXS Golf Balls - 2 Dozen Bundle,Golf Balls,Bridgestone
173,Ping Hoofer Cart Bag - Black,Golf Bags,Ping
174,PXG GEN6 0311 Hybrid - 4H Senior,Drivers & Woods,PXG
175,Mizuno ST-Z 230 Driver - 10.5 Regular,Drivers & Woods,Mizuno
176,Odyssey White Hot OG Blade Putter - 35,Putters,Odyssey
177,Ping Anser Putter - 35,Putters,Ping
178,Srixon Z-Star Golf Balls - Dozen Pack,Golf Balls,Srixon
179,TaylorMade FlexTech Stand Bag - Red,Golf Bags,TaylorMade
180,Under Armour Playoff 1/4 Zip Pullover - Blue - Size S,Apparel,Under Armour
181,G/FORE MG4+ Golf Shoes - Size 10.5 - Black,Footwear,G/FORE
182,PXG 0211 Iron Set (5-PW) - Regular,Irons & Wedges,PXG
183,Callaway Paradym Hybrid - 4H Regular,Drivers & Woods,Callaway
184,Callaway Chrome Soft - Yellow - Dozen Pack,Golf Balls,Callaway
185,TaylorMade P790 Driving Iron - 2i,Irons & Wedges,TaylorMade
186,Ogio WOODE Hybrid Stand Bag - Black,Golf Bags,Ogio
187,TaylorMade P790 Iron Set (5-PW) - Ladies,Irons & Wedges,TaylorMade
188,Titleist TSR2 Hybrid - 4H Regular,Drivers & Woods,Titleist
189,Under Armour HOVR Drive Spikeless Shoes - Size 11,Footwear,Under Armour
190,Ping Hoofer Stand Bag - Black,Golf Bags,Ping
191,TaylorMade Tour Response Golf Balls - 2 Dozen Bundle,Golf Bags,TaylorMade
192,Sun Mountain 4.5 LS Cart Bag - Blue,Golf Bags,Sun Mountain
193,FootJoy Lisle Polo - Silver - Size M,Apparel,FootJoy
194,G/FORE MG4+ Golf Shoes - Size 11 - Black,Footwear,G/FORE
195,PXG 0211 Wedge - 60,Irons & Wedges,PXG
196,Mizuno JPX923 Hot Metal Wedge - 50,Irons & Wedges,Mizuno
197,Srixon ZX Mk II Hybrid - 4H Stiff,Drivers & Woods,Srixon
198,Puma Golf Ignite Articulate Golf Shoes - Size 10.5 - Green,Footwear,Puma Golf
199,Ping Hoofer Stand Bag - Silver,Golf Bags,Ping
200,Callaway Paradym Driver - 12.0 Ladies,Drivers & Woods,Callaway
201,Adidas Golf Codechaos Golf Shoes - Size 8 - Blue,Footwear,Adidas Golf
202,Mizuno ST-Z 230 Driver - 12.0 Senior,Drivers & Woods,Mizuno
203,Ogio WOODE Hybrid Stand Bag - Red,Golf Bags,Ogio
204,Callaway Fairway C Players Sunday Bag,Golf Bags,Callaway
205,Titleist Players Sunday Bag,Golf Bags,Titleist
206,TaylorMade P790 Wedge - 58,Irons & Wedges,TaylorMade
207,Under Armour Playoff 1/4 Zip Pullover - Red - Size L,Apparel,Under Armour
208,Ping Anser Mallet Putter - 33,Putters,Ping
209,TaylorMade FlexTech Stand Bag - Green,Golf Bags,TaylorMade
210,Nike Golf Dri-FIT 1/4 Zip Pullover - Blue - Size L,Apparel,Nike Golf
211,Srixon ZX5 Iron Set (5-PW) - Regular,Irons & Wedges,Srixon
212,Titleist Players 4 Cart Bag - Red,Golf Bags,Titleist
213,Adidas Golf Ultimate365 1/4 Zip Pullover - Silver - Size S,Apparel,Adidas Golf
214,Under Armour HOVR Drive Spikeless Shoes - Size 9,Footwear,Under Armour
215,TaylorMade Stealth 2 Hybrid - 4H Stiff,Drivers & Woods,TaylorMade
216,Cobra Aerojet Driver - 9.0 Stiff,Drivers & Woods,Cobra
217,FootJoy Traditions Spiked Shoes - White - Size 11,Footwear,FootJoy
220,FootJoy Pro/SL Golf Shoes - Size 12 - Blue,Footwear,FootJoy
221,Under Armour HOVR Drive Golf Shoes - Size 8.5 - Black,Footwear,Under Armour
222,Callaway Paradym Fairway Wood - 3W Regular,Drivers & Woods,Callaway
223,Adidas Golf Codechaos Spikeless Shoes - Size 8.5,Footwear,Adidas Golf
224,FootJoy Traditions Spiked Shoes - White - Size 9.5,Footwear,FootJoy
225,Mizuno JPX923 Hot Metal Iron Set (5-PW) - Stiff,Irons & Wedges,Mizuno
226,Adidas Golf Ultimate365 1/4 Zip Pullover - Blue - Size L,Apparel,Adidas Golf
227,Ping G430 MAX Fairway Wood - 3W Stiff,Drivers & Woods,Ping
228,Peter Millar Crown Sport Performance Shorts - Green - Waist 34,Apparel,Peter Millar
229,Titleist Players 4 Cart Bag - Navy,Golf Bags,Titleist
230,Titleist Players Sunday Bag,Golf Bags,Titleist
231,Ogio WOODE Hybrid Stand Bag - Silver,Golf Bags,Ogio
232,Callaway Chrome Soft Golf Balls - Dozen Pack,Golf Balls,Callaway
233,Wilson Staff Dynapower Hybrid - 4H Regular,Drivers & Woods,Wilson Staff
234,TaylorMade Tour Response Golf Balls - 2 Dozen Bundle,Golf Balls,TaylorMade
235,Peter Millar Crown Sport Polo - Silver - Size S,Apparel,Peter Millar
236,Ping G430 MAX Driver - 10.5 Regular,Drivers & Woods,Ping
237,FootJoy Lisle Performance Shorts - Grey - Waist 34,Apparel,FootJoy
238,Mizuno ST-Z 230 Driver - 12.0 Ladies,Drivers & Woods,Mizuno
239,Cobra Aerojet Driver - 9.5 Stiff,Drivers & Woods,Cobra
240,Nike Golf Air Max 90 G Spikeless Shoes - Size 12,Footwear,Nike Golf
241,Nike Golf Air Max 90 G Golf Shoes - Size 8 - White,Footwear,Nike Golf
242,Sun Mountain Chiller Cart Bag - Grey,Golf Bags,Sun Mountain
243,Sun Mountain 4.5 LS Cart Bag - Black,Golf Bags,Sun Mountain
244,Under Armour Playoff Performance Shorts - Navy - Waist 34,Apparel,Under Armour
245,PXG 0211 Iron Set (5-PW) - X-Stiff,Irons & Wedges,PXG
246,Mizuno ST-Z 230 Fairway Wood - 3W Stiff,Drivers & Woods,Mizuno
247,Adidas Golf Ultimate365 Performance Shorts - Grey - Waist 34,Apparel,Adidas Golf
248,TaylorMade Spider GT Putter - 33,Putters,TaylorMade
249,TaylorMade P790 Iron Set (5-PW) - Ladies,Irons & Wedges,TaylorMade
250,Under Armour Playoff Polo - Green - Size S,Apparel,Under Armour
251,Cleveland CBX ZipCore Wedge - 58,Irons & Wedges,Cleveland
252,Bushnell Phantom 2 GPS,Accessories,Bushnell
253,Titleist Tour Performance Hat - Silver,Accessories,Titleist
254,TaylorMade P790 Wedge - 56,Irons & Wedges,TaylorMade
255,Cobra Aerojet Hybrid - 4H Regular,Drivers & Woods,Cobra
256,Sun Mountain 4.5 LS Stand Bag - Grey,Golf Bags,Sun Mountain
257,Ogio WOODE Hybrid Stand Bag - Black,Golf Bags,Ogio
258,Scotty Cameron Newport 2 Blade Putter - 33,Putters,Scotty Cameron
259,Titleist Pro V1x Golf Balls - Dozen Pack,Golf Balls,Titleist
260,TaylorMade FlexTech Cart Bag - Black,Golf Bags,TaylorMade
261,Under Armour Playoff 1/4 Zip Pullover - Black - Size M,Apparel,Under Armour
262,G/FORE MG4+ Golf Shoes - Size 9.5 - White,Footwear,G/FORE
263,Cleveland CBX ZipCore Wedge - 52,Irons & Wedges,Cleveland
264,Nike Golf Dri-FIT 1/4 Zip Pullover - White - Size S,Apparel,Nike Golf
265,FootJoy Traditions Spiked Shoes - White - Size 9,Footwear,FootJoy
266,FootJoy Weather-Sof Rain Jacket - Size S,Apparel,FootJoy
267,Srixon ZX Mk II Fairway Wood - 3W Regular,Drivers & Woods,Srixon
268,TravisMathew The Zinna Polo - Navy - Size XXL,Apparel,TravisMathew
269,Callaway Chrome Soft Golf Balls - Dozen Pack,Golf Balls,Callaway
270,FootJoy Pro/SL Golf Shoes - Size 9 - Black,Footwear,FootJoy
271,Bettinardi Queen B #6 Putter - 35,Putters,Bettinardi
272,Puma Golf Cloudspun Polo - Grey - Size M,Apparel,Puma Golf
273,Ping Hoofer Stand Bag - Black,Golf Bags,Ping
274,Under Armour HOVR Drive Spikeless Shoes - Size 11,Footwear,Under Armour
275,Callaway Fairway C Stand Bag - Navy,Golf Bags,Callaway
276,Puma Golf Cloudspun Polo - Navy - Size S,Apparel,Puma Golf
277,Bushnell Tour V6 Shift Rangefinder,Accessories,Bushnell
278,Cobra Aerojet Fairway Wood - 3W X-Stiff,Drivers & Woods,Cobra
279,PXG 0211 Iron Set (5-PW) - Regular,Irons & Wedges,PXG
280,PXG 0211 Iron Set (5-PW) - Ladies,Irons & Wedges,PXG
281,Srixon ZX Mk II Hybrid - 4H Regular,Drivers & Woods,Srixon
282,Callaway Paradym Hybrid - 4H X-Stiff,Drivers & Woods,Callaway
283,TaylorMade Spider GT Putter - 35,Putters,TaylorMade
284,Wilson Staff Dynapower Driver - 12.0 Ladies,Drivers & Woods,Wilson Staff
285,Srixon Z-Star Golf Balls - 2 Dozen Bundle,Golf Balls,Srixon
286,Callaway Apex Pro Driving Iron - 2i,Irons & Wedges,Callaway
287,FootJoy Lisle Polo - Silver - Size XXL,Apparel,FootJoy
288,Vice Golf Pro Plus - Yellow - Dozen Pack,Golf Balls,Vice Golf
289,TaylorMade FlexTech Cart Bag - Navy,Golf Bags,TaylorMade
290,Titleist Players 4 Cart Bag - Green,Golf Bags,Titleist
291,Titleist Players Sunday Bag,Golf Bags,Titleist
292,Mizuno JPX923 Hot Metal Iron Set (5-PW) - Regular,Irons & Wedges,Mizuno
293,TaylorMade P790 Iron Set (5-PW) - Stiff,Irons & Wedges,TaylorMade
294,PXG GEN6 0311 Fairway Wood - 3W Ladies,Drivers & Woods,PXG
295,Bridgestone Tour B RXS - Yellow - Dozen Pack,Golf Balls,Bridgestone
296,Wilson Staff Duo Soft Golf Balls - 2 Dozen Bundle,Golf Balls,Wilson Staff
297,Titleist Players 4 Cart Bag - Black,Golf Bags,Titleist
298,FootJoy Pro/SL Golf Shoes - Size 11 - Grey,Footwear,FootJoy
299,TaylorMade Stealth 2 Driver - 9.0 Stiff,Drivers & Woods,TaylorMade
300,PXG 0211 Wedge - 52,Irons & Wedges,PXG
301,FootJoy Lisle Polo - Blue - Size L,Apparel,FootJoy
302,Srixon Z-Star Golf Balls - Dozen Pack,Golf Balls,Srixon
303,TaylorMade Stealth 2 Fairway Wood - 3W Regular,Drivers & Woods,TaylorMade
304,Under Armour HOVR Drive Spikeless Shoes - Size 8,Footwear,Under Armour
305,TaylorMade Stealth 2 Driver - 8.0 Stiff,Drivers & Woods,TaylorMade
306,FootJoy Traditions Spiked Shoes - White - Size 9,Footwear,FootJoy
307,Mizuno ST-Z 230 Driver - 10.5 Regular,Drivers & Woods,Mizuno
308,Srixon Z-Star Golf Balls - 2 Dozen Bundle,Golf Balls,Srixon
309,Adidas Golf Ultimate365 1/4 Zip Pullover - Red - Size M,Apparel,Adidas Golf
310,FootJoy Pro/SL Golf Shoes - Size 9.5 - Grey,Footwear,FootJoy
311,Nike Golf Air Max 90 G Spikeless Shoes - Size 10.5,Footwear,Nike Golf
312,Callaway Paradym Driver - 12.0 Ladies,Drivers & Woods,Callaway
313,Callaway Chrome Soft Golf Balls - 2 Dozen Bundle,Golf Balls,Callaway
314,Mizuno JPX923 Hot Metal Iron Set (5-PW) - Regular,Irons & Wedges,Mizuno
315,Titleist T100 Wedge - 58,Irons & Wedges,Titleist
316,TaylorMade P790 Driving Iron - 2i,Irons & Wedges,TaylorMade
317,TaylorMade FlexTech Stand Bag - Red,Golf Bags,TaylorM
318,FootJoy Traditions Spiked Shoes - White - Size 8.5,Footwear,FootJoy
319,FootJoy Lisle Performance Shorts - Black - Waist 34,Apparel,FootJoy
320,Callaway Chrome Soft Golf Balls - 2 Dozen Bundle,Golf Balls,Callaway
321,Nike Golf Dri-FIT 1/4 Zip Pullover - Navy - Size M,Apparel,Nike Golf
322,Titleist Players 4 Cart Bag - Red,Golf Bags,Titleist
323,Nike Golf Dri-FIT Polo - Blue - Size M,Apparel,Nike Golf
324,TaylorMade Spider GT Blade Putter - 33,Putters,TaylorMade
325,Titleist Pro V1x - Yellow - Dozen Pack,Golf Balls,Titleist
326,Cobra Aerojet Fairway Wood - 3W Senior,Drivers & Woods,Cobra
327,Peter Millar Crown Sport Polo - Black - Size L,Apparel,Peter Millar
328,Titleist TSR2 Driver - 8.0 X-Stiff,Drivers & Woods,Titleist
329,Titleist T100 Driving Iron - 2i,Irons & Wedges,Titleist
330,Ping G430 MAX Fairway Wood - 3W X-Stiff,Drivers & Woods,Ping
331,TaylorMade Tour Response Golf Balls - 2 Dozen Bundle,Golf Balls,TaylorMade
332,Titleist Players 4 Stand Bag - Charcoal,Golf Bags,Titleist
333,Srixon ZX5 Driving Iron - 2i,Irons & Wedges,Srixon
334,Cobra Aerojet Hybrid - 4H Regular,Drivers & Woods,Cobra
335,Callaway Fairway C Cart Bag - Blue,Golf Bags,Callaway
336,Mizuno ST-Z 230 Fairway Wood - 3W Regular,Drivers & Woods,Mizuno
337,Nike Golf Dri-FIT 1/4 Zip Pullover - White - Size XXL,Apparel,Nike Golf
338,Srixon ZX Mk II Hybrid - 4H X-Stiff,Drivers & Woods,Srixon
339,TravisMathew The Zinna Polo - Navy - Size L,Apparel,TravisMathew
340,Scotty Cameron Newport 2 Blade Putter - 35,Putters,Scotty Cameron
341,Nike Golf Air Max 90 G Golf Shoes - Size 12 - Red,Footwear,Nike Golf
342,Ping Anser Mallet Putter - 35,Putters,Ping
343,Nike Golf Dri-FIT Polo - Red - Size XL,Apparel,Nike Golf
344,FootJoy Traditions Spiked Shoes - White - Size 9.5,Footwear,FootJoy
345,Ogio WOODE Hybrid Stand Bag - Blue,Golf Bags,Ogio
346,Peter Millar Crown Sport Performance Shorts - Green - Waist 34,Apparel,Peter Millar
347,Mizuno ST-Z 230 Fairway Wood - 3W Regular,Drivers & Woods,Mizuno
348,Mizuno JPX923 Hot Metal Wedge - 56,Irons & Wedges,Mizuno
349,TaylorMade Tour Response Golf Balls - Dozen Pack,Golf Balls,TaylorMade
350,Srixon ZX Mk II Fairway Wood - 3W Stiff,Drivers & Woods,Srixon
351,Bag Boy Chiller Cart Bag - Grey,Golf Bags,Bag Boy
352,Puma Golf Cloudspun Polo - Grey - Size M,Apparel,Puma Golf
353,Ping Anser Blade Putter - 34,Putters,Ping
354,Titleist Pro V1x - Yellow - Dozen Pack,Golf Balls,Titleist
355,TaylorMade P790 Driving Iron - 2i,Irons & Wedges,TaylorMade
356,Nike Golf Dri-FIT Polo - Silver - Size XXL,Apparel,Nike Golf
357,TaylorMade Spider GT Putter - 35,Putters,TaylorMade
358,Scotty Cameron Newport 2 Blade Putter - 34,Putters,Scotty Cameron
359,FootJoy Lisle Polo - Blue - Size L,Apparel,FootJoy
360,Callaway Chrome Soft Golf Balls - 2 Dozen Bundle,Golf Balls,Callaway
361,Nike Golf Air Max 90 G Golf Shoes - Size 10.5 - Silver,Footwear,Nike Golf
362,Mizuno ST-Z 230 Driver - 12.0 Ladies,Drivers & Woods,Mizuno
363,Callaway Fairway C Stand Bag - Navy,Golf Bags,Callaway
364,Puma Golf Cloudspun Polo - Navy - Size S,Apparel,Puma Golf
365,FootJoy Pro/SL Golf Shoes - Size 9.5 - Grey,Footwear,FootJoy
366,Srixon Z-Star Golf Balls - Dozen Pack,Golf Balls,Srixon
367,Srixon ZX Mk II Hybrid - 4H Senior,Drivers & Woods,Srixon
368,Evnroll ER2 Putter - 33,Putters,Evnroll
369,FootJoy Traditions Spiked Shoes - White - Size 9,Footwear,FootJoy
370,Nike Golf Air Max 90 G Spikeless Shoes - Size 12,Footwear,Nike Golf
371,TaylorMade Tour Response Golf Balls - 2 Dozen Bundle,Golf Balls,TaylorMade
372,Titleist Players 4 Stand Bag - Charcoal,Golf Bags,Titleist
373,Ping G430 MAX Fairway Wood - 3W X-Stiff,Drivers & Woods,Ping
374,TaylorMade Spider GT Blade Putter - 33,Putters,TaylorMade
375,Bettinardi Queen B #6 Mallet Putter - 33,Putters,Bettinardi
376,TaylorMade P790 Iron Set (5-PW) - Stiff,Irons & Wedges,TaylorMade
377,Peter Millar Crown Sport Polo - Black - Size L,Apparel,Peter Millar
378,TaylorMade Spider GT Blade Putter - 33,Putters,TaylorMade
379,Cleveland CBX ZipCore Wedge - 56,Irons & Wedges,Cleveland
380,Mizuno JPX923 Hot Metal Wedge - 50,Irons & Wedges,Mizuno
381,Bridgestone Tour B RXS Golf Balls - Dozen Pack,Golf Balls,Bridgestone
382,TaylorMade Stealth 2 Driver - 8.0 Stiff,Drivers & Woods,TaylorMade
383,Titleist Tour Performance Hat - Silver,Accessories,Titleist
384,Titleist TSR2 Driver - 8.0 X-Stiff,Drivers & Woods,Titleist
385,PXG 0211 Iron Set (5-PW) - Regular,Irons & Wedges,PXG
386,FootJoy Weather-Sof Rain Jacket - Size S,Apparel,FootJoy
387,FootJoy Pro/SL Golf Shoes - Size 11 - Grey,Footwear,FootJoy
388,FootJoy Lisle Performance Shorts - Black - Waist 34,Apparel,FootJoy
389,Cobra Aerojet Fairway Wood - 3W Senior,Drivers & Woods,Cobra
390,TaylorMade Spider GT Putter - 33,Putters,TaylorMade
391,Sun Mountain 4.5 LS Cart Bag - Black,Golf Bags,Sun Mountain
392,Cobra King Tour Wedge - 58,Irons & Wedges,Cobra
393,Callaway Chrome Soft Golf Balls - 2 Dozen Bundle,Golf Balls,Callaway
394,Under Armour HOVR Drive Spikeless Shoes - Size 8,Footwear,Under Armour
395,Mizuno JPX923 Hot Metal Iron Set (5-PW) - Regular,Irons & Wedges,Mizuno
396,Nike Golf Dri-FIT 1/4 Zip Pullover - White - Size XXL,Apparel,Nike Golf
397,Adidas Golf Ultimate365 1/4 Zip Pullover - Red - Size M,Apparel,Adidas Golf
398,Srixon Z-Star Golf Balls - 2 Dozen Bundle,Golf Balls,Srixon
399,TaylorMade P790 Driving Iron - 2i,Irons & Wedges,TaylorMade
400,Adidas Golf Codechaos Golf Shoes - Size 8 - Blue,Footwear,Adidas Golf
401,G/FORE MG4+ Golf Shoes - Size 11 - Black,Footwear,G/FORE
402,Callaway Fairway C Stand Bag - Charcoal,Golf Bags,Callaway
403,Titleist Pro V1x - Yellow - Dozen Pack,Golf Balls,Titleist
404,Sun Mountain 4.5 LS Cart Bag - Navy,Golf Bags,Sun Mountain
405,FootJoy Traditions Spiked Shoes - White - Size 9,Footwear,FootJoy
406,Under Armour HOVR Drive Spikeless Shoes - Size 11,Footwear,Under Armour
407,Oakley Sutro Sunglasses - Golf Prizm Lens,Accessories,Oakley
408,PXG 0211 Iron Set (5-PW) - Regular,Irons & Wedges,PXG
409,Under Armour Playoff 1/4 Zip Pullover - Black - Size M,Apparel,Under Armour
410,TaylorMade Stealth 2 Fairway Wood - 3W Regular,Drivers & Woods,TaylorMade
411,Wilson Staff Duo Soft - Yellow - Dozen Pack,Golf Bags,Wilson Staff
412,TaylorMade P790 Iron Set (5-PW) - Ladies,Irons & Wedges,TaylorMade
413,Ogio WOODE Hybrid Stand Bag - Blue,Golf Bags,Ogio
414,Mizuno ST-Z 230 Driver - 10.5 Regular,Drivers & Woods,Mizuno
415,Srixon Z-Star Golf Balls - Dozen Pack,Golf Balls,Srixon
416,Titleist T100 Wedge - 58,Irons & Wedges,Titleist
417,Titleist TSR2 Driver - 8.0 X-Stiff,Drivers & Woods,Titleist
418,Cobra Aerojet Hybrid - 4H Regular,Drivers & Woods,Cobra
419,Nike Golf Dri-FIT 1/4 Zip Pullover - Navy - Size M,Apparel,Nike Golf
420,PXG 0211 Wedge - 52,Irons & Wedges,PXG
421,PXG 0211 Iron Set (5-PW) - X-Stiff,Irons & Wedges,PXG
422,TaylorMade FlexTech Stand Bag - Green,Golf Bags,TaylorMade
423,Titleist Players 4 Cart Bag - Red,Golf Bags,Titleist
424,TaylorMade P790 Wedge - 56,Irons & Wedges,TaylorMade
425,Bushnell Phantom 2 GPS,Accessories,Bushnell
426,Nike Golf Air Max 90 G Spikeless Shoes - Size 10.5,Footwear,Nike Golf
427,Callaway Chrome Soft Golf Balls - 2 Dozen Bundle,Golf Balls,Callaway
428,Titleist Players 4 Cart Bag - Green,Golf Bags,Titleist
429,Titleist T100 Driving Iron - 2i,Irons & Wedges,Titleist
430,Titleist Players Sunday Bag,Golf Bags,Titleist
431,Callaway Paradym Driver - 12.0 Ladies,Drivers & Woods,Callaway
432,Callaway Fairway C Cart Bag - Blue,Golf Bags,Callaway
433,Sun Mountain 4.5 LS Stand Bag - Grey,Golf Bags,Sun Mountain
434,Srixon ZX5 Driving Iron - 2i,Irons & Wedges,Srixon
435,FootJoy Traditions Spiked Shoes - White - Size 8.5,Footwear,FootJoy
436,TaylorMade FlexTech Cart Bag - Black,Golf Bags,TaylorMade
437,G/FORE MG4+ Golf Shoes - Size 9.5 - White,Footwear,G/FORE
438,Cleveland CBX ZipCore Wedge - 52,Irons & Wedges,Cleveland
439,Srixon ZX Mk II Hybrid - 4H X-Stiff,Drivers & Woods,Srixon
440,TaylorMade Spider GT Putter - 35,Putters,TaylorMade
441,Bettinardi Queen B #6 Putter - 35,Putters,Bettinardi
442,Vice Golf Pro Plus - Yellow - Dozen Pack,Golf Balls,Vice Golf
443,Wilson Staff Dynapower Driver - 12.0 Ladies,Drivers & Woods,Wilson Staff
444,Callaway Apex Pro Driving Iron - 2i,Irons & Wedges,Callaway
445,Mizuno JPX923 Hot Metal Iron Set (5-PW) - Regular,Irons & Wedges,Mizuno
446,FootJoy Lisle Polo - Silver - Size XXL,Apparel,FootJoy
447,TaylorMade Tour Response Golf Balls - 2 Dozen Bundle,Golf Balls,TaylorMade
448,Peter Millar Crown Sport Performance Shorts - Green - Waist 34,Apparel,Peter Millar
449,Titleist Players Sunday Bag,Footwear,Titleist
450,Callaway Paradym Hybrid - 4H X-Stiff,Drivers & Woods,Callaway
451,Callaway Chrome Soft Golf Balls - Dozen Pack,Golf Balls,Callaway
452,FootJoy Pro/SL Golf Shoes - Size 9 - Black,Footwear,FootJoy
453,PXG GEN6 0311 Fairway Wood - 3W Ladies,Drivers & Woods,PXG
454,Bridgestone Tour B RXS - Yellow - Dozen Pack,Golf Balls,Bridgestone
455,Wilson Staff Duo Soft Golf Balls - 2 Dozen Bundle,Golf Balls,Wilson Staff
456,Titleist Players 4 Cart Bag - Black,Golf Bags,Titleist
457,Srixon ZX Mk II Fairway Wood - 3W Regular,Drivers & Woods,Srixon
458,TravisMathew The Zinna Polo - Navy - Size XXL,Apparel,TravisMathew
459,Nike Golf Dri-FIT 1/4 Zip Pullover - White - Size S,Apparel,Nike Golf
460,Scotty Cameron Newport 2 Blade Putter - 35,Putters,Scotty Cameron
461,Callaway Fairway C Players Sunday Bag,Golf Bags,Callaway
462,Titleist Players Sunday Bag,Golf Bags,Titleist
463,Ping Hoofer Stand Bag - Black,Golf Bags,Ping
464,Bettinardi Queen B #6 Mallet Putter - 33,Putters,Bettinardi
465,Under Armour HOVR Drive Spikeless Shoes - Size 9,Footwear,Under Armour
466,Mizuno ST-Z 230 Driver - 10.5 Regular,Drivers & Woods,Mizuno
467,TaylorMade FlexTech Stand Bag - Red,Golf Bags,TaylorM
468,Under Armour Playoff 1/4 Zip Pullover - Blue - Size S,Apparel,Under Armour
469,Ogio WOODE Hybrid Stand Bag - Red,Golf Bags,Ogio
470,Srixon ZX5 Iron Set (5-PW) - Regular,Irons & Wedges,Srixon
471,TaylorMade Stealth 2 Hybrid - 4H Stiff,Drivers & Woods,TaylorMade
472,G/FORE MG4+ Golf Shoes - Size 10.5 - Black,Footwear,G/FORE
473,Callaway Chrome Soft - Yellow - Dozen Pack,Golf Balls,Callaway
474,Ogio WOODE Hybrid Stand Bag - Silver,Golf Bags,Ogio
475,Cobra Aerojet Driver - 9.0 Stiff,Drivers & Woods,Cobra
476,FootJoy Traditions Spiked Shoes - White - Size 11,Footwear,FootJoy
477,TaylorMade P790 Driving Iron - 2i,Irons & Wedges,TaylorMade
478,PXG 0211 Iron Set (5-PW) - Regular,Irons & Wedges,PXG
479,Adidas Golf Ultimate365 1/4 Zip Pullover - Silver - Size S,Apparel,Adidas Golf
480,Odyssey White Hot OG Putter - 33,Putters,Odyssey
481,Titleist T100 Iron Set (5-PW) - Regular,Irons & Wedges,Titleist
482,Adidas Golf Codechaos Spikeless Shoes - Size 8.5,Footwear,Adidas Golf
483,Nike Golf Air Max 90 G Golf Shoes - Size 8 - White,Footwear,Nike Golf
484,Cleveland Staff Model Wedge - 52,Irons & Wedges,Cleveland
485,TaylorMade P790 Iron Set (5-PW) - Ladies,Irons & Wedges,TaylorMade
486,Titleist Pro V1x Golf Balls - Dozen Pack,Golf Balls,Titleist
487,Ping Hoofer Stand Bag - Silver,Golf Bags,Ping
488,Sun Mountain Chiller Cart Bag - Grey,Golf Bags,Sun Mountain
489,Mizuno ST-Z 230 Driver - 12.0 Senior,Drivers & Woods,Mizuno
490,FootJoy Pro/SL Golf Shoes - Size 12 - Blue,Footwear,FootJoy
491,Under Armour HOVR Drive Golf Shoes - Size 8.5 - Black,Footwear,Under Armour
492,Callaway Paradym Fairway Wood - 3W Regular,Drivers & Woods,Callaway
493,Titleist Players 4 Cart Bag - Navy,Golf Bags,Titleist
494,Mizuno JPX923 Hot Metal Wedge - 56,Irons & Wedges,Mizuno
495,Peter Millar Crown Sport Performance Shorts - Green - Waist 34,Apparel,Peter Millar
496,Ping G430 MAX Fairway Wood - 3W Stiff,Drivers & Woods,Ping
497,Ping G430 MAX Driver - 10.5 Regular,Drivers & Woods,Ping
498,Wilson Staff Dynapower Hybrid - 4H Regular,Drivers & Woods,Wilson Staff
499,TaylorMade Tour Response Golf Balls - 2 Dozen Bundle,Golf Balls,TaylorMade
500,Peter Millar Crown Sport Polo - Silver - Size S,Apparel,Peter Millar
501,Cobra Aerojet Driver - 9.5 Stiff,Drivers & Woods,Cobra
502,Sun Mountain 4.5 LS Cart Bag - Black,Golf Bags,Sun Mountain
503,Under Armour Playoff Performance Shorts - Navy - Waist 34,Apparel,Under Armour
504,Mizuno ST-Z 230 Fairway Wood - 3W Regular,Drivers & Woods,Mizuno
505,Adidas Golf Ultimate365 Performance Shorts - Grey - Waist 34,Apparel,Adidas Golf
506,Callaway Chrome Soft Golf Balls - Dozen Pack,Golf Balls,Callaway
507,Odyssey White Hot OG Mallet Putter - 33,Putters,Odyssey
508,TaylorMade Tour Response Golf Balls - Dozen Pack,Golf Balls,TaylorMade
509,TaylorMade FlexTech Stand Bag - Red,Golf Bags,TaylorMade
510,Callaway Paradym Driver - 12.0 Ladies,Drivers & Woods,Callaway
511,Nike Golf Dri-FIT 1/4 Zip Pullover - Silver - Size XL,Apparel,Nike Golf
512,Sun Mountain 4.5 LS Cart Bag - Black,Golf Bags,Sun Mountain
513,FootJoy Traditions Spiked Shoes - White - Size 11,Footwear,FootJoy
514,Titleist T100 Iron Set (5-PW) - Regular,Irons & Wedges,Titleist
515,Adidas Golf Ultimate365 Polo - Silver - Size S,Apparel,Adidas Golf
516,PXG 0211 Iron Set (5-PW) - Regular,Irons & Wedges,PXG
517,G/FORE Feeder Stripe 1/4 Zip Pullover - Navy - Size L,Apparel,G/FORE
518,Titleist Pro V1x - Yellow - Dozen Pack,Golf Balls,Titleist
519,Bridgestone Tour B RXS Golf Balls - Dozen Pack,Golf Balls,Bridgestone
520,Callaway Apex Pro Driving Iron - 2i,Irons & Wedges,Callaway
521,Bettinardi Queen B #6 Mallet Putter - 33,Putters,Bettinardi
522,Callaway Chrome Soft Golf Balls - 2 Dozen Bundle,Golf Balls,Callaway
523,TaylorMade P790 Driving Iron - 2i,Irons & Wedges,TaylorMade
524,Adidas Golf Codechaos Golf Shoes - Size 12 - Grey,Footwear,Adidas Golf
525,Cobra Aerojet Driver - 9.5 Stiff,Drivers & Woods,Cobra
526,Callaway Chrome Soft Golf Balls - Dozen Pack,Golf Balls,Callaway
527,Ping Hoofer Stand Bag - Charcoal,Golf Bags,Ping
528,Bettinardi Queen B #6 Putter - 33,Putters,Bettinardi
529,Nike Golf Dri-FIT Polo - Blue - Size M,Apparel,Nike Golf
530,Cleveland Staff Model Wedge - 52,Irons & Wedges,Cleveland
531,Mizuno JPX923 Hot Metal Wedge - 50,Irons & Wedges,Mizuno
532,Srixon ZX Mk II Hybrid - 4H Stiff,Drivers & Woods,Srixon
533,Puma Golf Ignite Articulate Golf Shoes - Size 10.5 - Green,Footwear,Puma Golf
534,Sun Mountain 4.5 LS Stand Bag - Grey,Golf Bags,Sun Mountain
535,Ogio WOODE Hybrid Stand Bag - Black,Golf Bags,Ogio
536,Scotty Cameron Newport 2 Blade Putter - 33,Putters,Scotty Cameron
537,Titleist Pro V1x Golf Balls - Dozen Pack,Golf Balls,Titleist
538,TaylorMade FlexTech Cart Bag - Black,Golf Bags,TaylorMade
539,Under Armour Playoff 1/4 Zip Pullover - Black - Size M,Apparel,Under Armour
540,G/FORE MG4+ Golf Shoes - Size 9.5 - White,Footwear,G/FORE
541,Cleveland CBX ZipCore Wedge - 52,Irons & Wedges,Cleveland
542,Nike Golf Dri-FIT 1/4 Zip Pullover - White - Size S,Apparel,Nike Golf
543,TaylorMade Tour Response Golf Balls - 2 Dozen Bundle,Golf Balls,TaylorMade
544,Wilson Staff Duo Soft - Yellow - Dozen Pack,Golf Balls,Wilson Staff
545,TaylorMade Spider GT Mallet Putter - 34,Putters,TaylorMade
546,TaylorMade Spider GT Mallet Putter - 33,Putters,TaylorMade
547,Evnroll ER2 Putter - 33,Putters,Evnroll
548,TaylorMade FlexTech Stand Bag - Green,Golf Bags,TaylorMade
549,Adidas Golf Codechaos Golf Shoes - Size 10.5 - Green,Footwear,Adidas Golf
550,Nike Golf Dri-FIT Polo - Silver - Size XXL,Apparel,Nike Golf
551,Nike Golf Dri-FIT 1/4 Zip Pullover - Blue - Size L,Apparel,Nike Golf
552,PXG GEN6 0311 Hybrid - 4H Regular,Drivers & Woods,PXG
553,Sun Mountain 4.5 LS Stand Bag - Navy,Golf Bags,Sun Mountain
554,Cobra King Tour Driving Iron - 2i,Irons & Wedges,Cobra
555,Titleist Tour Performance Hat - Green,Accessories,Titleist
556,TaylorMade Tour Response - Yellow - Dozen Pack,Golf Balls,TaylorMade
557,PXG 0211 Iron Set (5-PW) - Regular,Irons & Wedges,PXG
558,Evnroll ER2 Putter - 34,Putters,Evnroll
559,Wilson Staff Duo Soft Golf Balls - 2 Dozen Bundle,Golf Balls,Wilson Staff
560,Titleist Players 4 Stand Bag - Black,Golf Bags,Titleist
561,Peter Millar Crown Sport 1/4 Zip Pullover - Blue - Size XXL,Apparel,Peter Millar
562,TaylorMade Spider GT Blade Putter - 33,Putters,TaylorMade
563,Titleist TSR2 Driver - 10.5 Regular,Drivers & Woods,Titleist
564,TravisMathew The Zinna 1/4 Zip Pullover - Blue - Size S,Apparel,TravisMathew
565,Srixon Z-Star Golf Balls - 2 Dozen Bundle,Golf Bags,Srixon
566,Nike Golf Dri-FIT Performance Shorts - Silver - Waist 34,Apparel,Nike Golf
567,Mizuno ST-Z 230 Driver - 9.0 Stiff,Drivers & Woods,Mizuno
568,FootJoy Weather-Sof Rain Jacket - Size XL,Apparel,FootJoy
569,Cobra King Tour Iron Set (5-PW) - X-Stiff,Irons & Wedges,Cobra
570,Titleist Pro V1 Golf Balls - Dozen Pack,Golf Balls,Titleist
571,PXG 0211 Iron Set (5-PW) - Regular,Irons & Wedges,PXG
572,Vice Golf Pro Plus - Yellow - Dozen Pack,Golf Balls,Vice Golf
573,TaylorMade Stealth 2 Driver - 9.5 Stiff,Drivers & Woods,TaylorMade
574,Sun Mountain Chiller Stand Bag - Blue,Golf Bags,Sun Mountain
575,G/FORE Feeder Stripe 1/4 Zip Pullover - Grey - Size L,Apparel,G/FORE
576,G/FORE Feeder Stripe Polo - Black - Size M,Apparel,G/FORE
577,Titleist Players 4 Stand Bag - Charcoal,Golf Bags,Titleist
578,Nike Golf Dri-FIT Performance Shorts - Blue - Waist 34,Apparel,Nike Golf
579,Evnroll ER2 Putter - 33,Putters,Evnroll
580,Titleist Tour Performance Hat - White,Accessories,Titleist
581,Odyssey White Hot OG Mallet Putter - 33,Putters,Odyssey
582,Callaway Paradym Hybrid - 4H Regular,Drivers & Woods,Callaway
583,Sun Mountain 4.5 LS Cart Bag - Silver,Golf Bags,Sun Mountain
584,Callaway Paradym Driver - 10.5 Regular,Drivers & Woods,Callaway
585,Vice Golf Pro Plus Golf Balls - 2 Dozen Bundle,Golf Balls,Vice Golf
586,Cleveland Staff Model Iron - 7 Iron,Irons & Wedges,Cleveland
587,PXG GEN6 0311 Hybrid - 4H Ladies,Drivers & Woods,PXG
588,Callaway Fairway C Stand Bag - Navy,Golf Bags,Callaway
589,Callaway Apex Pro Iron Set (5-PW) - Stiff,Irons & Wedges,Callaway
590,G/FORE MG4+ Golf Shoes - Size 12 - Grey,Footwear,G/FORE
591,FootJoy Pro/SL Spikeless Shoes - Size 10.5,Footwear,FootJoy
592,Wilson Staff Duo Soft - Yellow - Dozen Pack,Golf Balls,Wilson Staff
593,Srixon ZX Mk II Hybrid - 4H Senior,Drivers & Woods,Srixon
594,TaylorMade P790 Driving Iron - 2i,Irons & Wedges,TaylorMade
595,FootJoy Lisle Polo - Blue - Size M,Apparel,FootJoy
596,Vice Golf Pro Plus Golf Balls - Dozen Pack,Golf Balls,Vice Golf
597,Odyssey White Hot OG Putter - 33,Putters,Odyssey
598,Adidas Golf Ultimate365 1/4 Zip Pullover - Blue - Size XL,Apparel,Adidas Golf
599,PXG GEN6 0311 Fairway Wood - 3W X-Stiff,Drivers & Woods,PXG
600,FootJoy Pro/SL Spikeless Shoes - Size 9.5,Footwear,FootJoy
601,Callaway Fairway C Stand Bag - Charcoal,Golf Bags,Callaway
602,Nike Golf Air Max 90 G Golf Shoes - Size 9 - Red,Footwear,Nike Golf
603,Bag Boy Chiller Cart Bag - Grey,Golf Bags,Bag Boy
604,Nike Golf Air Max 90 G Golf Shoes - Size 10.5 - Grey,Footwear,Nike Golf
605,Titleist Tour Performance Hat - Black,Accessories,Titleist
606,TaylorMade Spider GT Blade Putter - 33,Putters,TaylorMade
607,PXG GEN6 0311 Driver - 12.0 Ladies,Drivers & Woods,PXG
608,Sun Mountain 4.5 LS Cart Bag - Navy,Golf Bags,Sun Mountain
609,Mizuno ST-Z 230 Driver - 9.0 Stiff,Drivers & Woods,Mizuno
610,Ogio WOODE Hybrid Stand Bag - Red,Golf Bags,Ogio
611,FootJoy Lisle Polo - Green - Size L,Apparel,FootJoy
612,Vice Golf Pro Plus Golf Balls - 2 Dozen Bundle,Golf Balls,Vice Golf
613,Mizuno ST-Z 230 Driver - 9.5 Stiff,Drivers & Woods,Mizuno
614,Cleveland CBX ZipCore Wedge - 56,Irons & Wedges,Cleveland
615,TaylorMade FlexTech Cart Bag - Blue,Golf Bags,TaylorMade
616,Ping G430 MAX Driver - 12.0 Regular,Drivers & Woods,Ping
617,Sun Mountain 4.5 LS Stand Bag - Blue,Golf Bags,Sun Mountain
618,Cobra Aerojet Fairway Wood - 3W X-Stiff,Drivers & Woods,Cobra
619,FootJoy Lisle Polo - Black - Size XXL,Apparel,FootJoy
620,Oakley Sutro Sunglasses - Golf Prizm Lens,Accessories,Oakley
621,Sun Mountain Chiller Stand Bag - Blue,Golf Bags,Sun Mountain
622,Scotty Cameron Newport 2 Blade Putter - 34,Putters,Scotty Cameron
623,Under Armour HOVR Drive Golf Shoes - Size 10 - Blue,Footwear,Under Armour
624,Callaway Chrome Soft Golf Balls - Dozen Pack,Golf Balls,Callaway
625,Odyssey White Hot OG Mallet Putter - 33,Putters,Odyssey
626,TaylorMade Tour Response Golf Balls - Dozen Pack,Golf Balls,TaylorMade
627,TaylorMade FlexTech Stand Bag - Red,Golf Bags,TaylorMade
628,Cobra King Tour Wedge - 58,Irons & Wedges,Cobra
629,Callaway Paradym Driver - 12.0 Ladies,Drivers & Woods,Callaway
630,Nike Golf Dri-FIT 1/4 Zip Pullover - Silver - Size XL,Apparel,Nike Golf
631,Sun Mountain 4.5 LS Cart Bag - Black,Golf Bags,Sun Mountain
632,FootJoy Traditions Spiked Shoes - White - Size 11,Footwear,FootJoy
633,Titleist T100 Iron Set (5-PW) - Regular,Irons & Wedges,Titleist
634,Adidas Golf Ultimate365 Polo - Silver - Size S,Apparel,Adidas Golf
635,PXG 0211 Iron Set (5-PW) - Regular,Irons & Wedges,PXG
636,G/FORE Feeder Stripe 1/4 Zip Pullover - Navy - Size L,Apparel,G/FORE
637,Titleist Pro V1x - Yellow - Dozen Pack,Golf Balls,Titleist
638,Bridgestone Tour B RXS Golf Balls - Dozen Pack,Golf Balls,Bridgestone
639,Callaway Apex Pro Driving Iron - 2i,Irons & Wedges,Callaway
640,Bettinardi Queen B #6 Mallet Putter - 33,Putters,Bettinardi
641,Callaway Chrome Soft Golf Balls - 2 Dozen Bundle,Golf Balls,Callaway
642,TaylorMade P790 Driving Iron - 2i,Irons & Wedges,TaylorMade
643,Adidas Golf Codechaos Golf Shoes - Size 12 - Grey,Footwear,Adidas Golf
644,Cobra Aerojet Driver - 9.5 Stiff,Drivers & Woods,Cobra
645,Callaway Chrome Soft Golf Balls - Dozen Pack,Golf Balls,Callaway
646,Ping Hoofer Stand Bag - Charcoal,Golf Bags,Ping
647,Bettinardi Queen B #6 Putter - 33,Putters,Bettinardi
648,Nike Golf Dri-FIT Polo - Blue - Size M,Apparel,Nike Golf
649,Cleveland Staff Model Wedge - 52,Irons & Wedges,Cleveland
650,Mizuno JPX923 Hot Metal Wedge - 50,Irons & Wedges,Mizuno
651,Srixon ZX Mk II Hybrid - 4H Stiff,Drivers & Woods,Srixon
652,Puma Golf Ignite Articulate Golf Shoes - Size 10.5 - Green,Footwear,Puma Golf
653,Sun Mountain 4.5 LS Stand Bag - Grey,Golf Bags,Sun Mountain
654,Ogio WOODE Hybrid Stand Bag - Black,Golf Bags,Ogio
655,Scotty Cameron Newport 2 Blade Putter - 33,Putters,Scotty Cameron
656,Titleist Pro V1x Golf Balls - Dozen Pack,Golf Balls,Titleist
657,TaylorMade FlexTech Cart Bag - Black,Golf Bags,TaylorMade
658,Under Armour Playoff 1/4 Zip Pullover - Black - Size M,Apparel,Under Armour
659,G/FORE MG4+ Golf Shoes - Size 9.5 - White,Footwear,G/FORE
660,Cleveland CBX ZipCore Wedge - 52,Irons & Wedges,Cleveland
661,Nike Golf Dri-FIT 1/4 Zip Pullover - White - Size S,Apparel,Nike Golf
662,FootJoy Traditions Spiked Shoes - White - Size 9,Footwear,FootJoy
663,FootJoy Weather-Sof Rain Jacket - Size S,Apparel,FootJoy
664,Srixon ZX Mk II Fairway Wood - 3W Regular,Drivers & Woods,Srixon
665,TravisMathew The Zinna Polo - Navy - Size XXL,Apparel,TravisMathew
666,Callaway Chrome Soft Golf Balls - Dozen Pack,Golf Balls,Callaway
667,FootJoy Pro/SL Golf Shoes - Size 9 - Black,Footwear,FootJoy
668,Bettinardi Queen B #6 Putter - 35,Putters,Bettinardi
669,Puma Golf Cloudspun Polo - Grey - Size M,Apparel,Puma Golf
670,Ping Hoofer Stand Bag - Black,Golf Bags,Ping
671,Under Armour HOVR Drive Spikeless Shoes - Size 11,Footwear,Under Armour
672,Callaway Fairway C Stand Bag - Navy,Golf Bags,Callaway
673,Puma Golf Cloudspun Polo - Navy - Size S,Apparel,Puma Golf
674,Bushnell Tour V6 Shift Rangefinder,Accessories,Bushnell
675,PXG 0211 Iron Set (5-PW) - Regular,Irons & Wedges,PXG
676,PXG 0211 Iron Set (5-PW) - Ladies,Irons & Wedges,PXG
677,Srixon ZX Mk II Hybrid - 4H Regular,Drivers & Woods,Srixon
678,TaylorMade Spider GT Putter - 35,Putters,TaylorMade
679,Wilson Staff Dynapower Driver - 12.0 Ladies,Drivers & Woods,Wilson Staff
680,Srixon Z-Star Golf Balls - 2 Dozen Bundle,Golf Balls,Srixon
681,Callaway Apex Pro Driving Iron - 2i,Irons & Wedges,Callaway
682,FootJoy Lisle Polo - Silver - Size XXL,Apparel,FootJoy
683,Vice Golf Pro Plus - Yellow - Dozen Pack,Golf Balls,Vice Golf
684,TaylorMade FlexTech Cart Bag - Navy,Golf Bags,TaylorMade
685,Titleist Players 4 Cart Bag - Green,Golf Bags,Titleist
686,Titleist Players Sunday Bag,Golf Bags,Titleist
687,Mizuno JPX923 Hot Metal Iron Set (5-PW) - Regular,Irons & Wedges,Mizuno
688,TaylorMade P790 Iron Set (5-PW) - Stiff,Irons & Wedges,TaylorMade
689,PXG GEN6 0311 Fairway Wood - 3W Ladies,Drivers & Woods,PXG
690,Bridgestone Tour B RXS - Yellow - Dozen Pack,Golf Balls,Bridgestone
691,Wilson Staff Duo Soft Golf Balls - 2 Dozen Bundle,Golf Balls,Wilson Staff
692,Titleist Players 4 Cart Bag - Black,Golf Bags,Titleist
693,FootJoy Pro/SL Golf Shoes - Size 11 - Grey,Footwear,FootJoy
694,TaylorMade Stealth 2 Driver - 9.0 Stiff,Drivers & Woods,TaylorMade
695,PXG 0211 Wedge - 52,Irons & Wedges,PXG
696,FootJoy Lisle Polo - Blue - Size L,Apparel,FootJoy
697,Srixon Z-Star Golf Balls - Dozen Pack,Golf Balls,Srixon
698,TaylorMade Stealth 2 Fairway Wood - 3W Regular,Drivers & Woods,TaylorMade
699,Under Armour HOVR Drive Spikeless Shoes - Size 8,Footwear,Under Armour
700,TaylorMade Stealth 2 Driver - 8.0 Stiff,Drivers & Woods,TaylorMade
701,FootJoy Traditions Spiked Shoes - White - Size 9,Footwear,FootJoy
702,Mizuno ST-Z 230 Driver - 10.5 Regular,Drivers & Woods,Mizuno
703,Srixon Z-Star Golf Balls - 2 Dozen Bundle,Golf Balls,Srixon
704,Adidas Golf Ultimate365 1/4 Zip Pullover - Red - Size M,Apparel,Adidas Golf
705,FootJoy Pro/SL Golf Shoes - Size 9.5 - Grey,Footwear,FootJoy
706,Nike Golf Air Max 90 G Spikeless Shoes - Size 10.5,Footwear,Nike Golf
707,Callaway Paradym Driver - 12.0 Ladies,Drivers & Woods,Callaway
708,Callaway Chrome Soft Golf Balls - 2 Dozen Bundle,Golf Balls,Callaway
709,Mizuno JPX923 Hot Metal Iron Set (5-PW) - Regular,Irons & Wedges,Mizuno
710,Titleist T100 Wedge - 58,Irons & Wedges,Titleist
711,TaylorMade P790 Driving Iron - 2i,Irons & Wedges,TaylorMade
712,Titleist Players 4 Cart Bag - Red,Golf Bags,Titleist
713,Nike Golf Dri-FIT Polo - Blue - Size M,Apparel,Nike Golf
714,TaylorMade Spider GT Blade Putter - 33,Putters,TaylorMade
715,Titleist Pro V1x - Yellow - Dozen Pack,Golf Balls,Titleist
716,Cobra Aerojet Fairway Wood - 3W Senior,Drivers & Woods,Cobra
717,Peter Millar Crown Sport Polo - Black - Size L,Apparel,Peter Millar
718,Titleist TSR2 Driver - 8.0 X-Stiff,Drivers & Woods,Titleist
719,Titleist T100 Driving Iron - 2i,Irons & Wedges,Titleist
720,Ping G430 MAX Fairway Wood - 3W X-Stiff,Drivers & Woods,Ping
721,TaylorMade Tour Response Golf Balls - 2 Dozen Bundle,Golf Balls,TaylorMade
722,Titleist Players 4 Stand Bag - Charcoal,Golf Bags,Titleist
723,Srixon ZX5 Driving Iron - 2i,Irons & Wedges,Srixon
724,Cobra Aerojet Hybrid - 4H Regular,Drivers & Woods,Cobra
725,Callaway Fairway C Cart Bag - Blue,Golf Bags,Callaway
726,Mizuno ST-Z 230 Fairway Wood - 3W Regular,Drivers & Woods,Mizuno
727,Nike Golf Dri-FIT 1/4 Zip Pullover - White - Size XXL,Apparel,Nike Golf
728,Srixon ZX Mk II Hybrid - 4H X-Stiff,Drivers & Woods,Srixon
729,TravisMathew The Zinna Polo - Navy - Size L,Apparel,TravisMathew
730,Scotty Cameron Newport 2 Blade Putter - 35,Putters,Scotty Cameron
731,Nike Golf Air Max 90 G Golf Shoes - Size 12 - Red,Footwear,Nike Golf
732,Ping Anser Mallet Putter - 35,Putters,Ping
733,Nike Golf Dri-FIT Polo - Red - Size XL,Apparel,Nike Golf
734,FootJoy Traditions Spiked Shoes - White - Size 9.5,Footwear,FootJoy
735,Ogio WOODE Hybrid Stand Bag - Blue,Golf Bags,Ogio
736,Peter Millar Crown Sport Performance Shorts - Green - Waist 34,Apparel,Peter Millar
737,Mizuno ST-Z 230 Fairway Wood - 3W Regular,Drivers & Woods,Mizuno
738,Mizuno JPX923 Hot Metal Wedge - 56,Irons & Wedges,Mizuno
739,TaylorMade Tour Response Golf Balls - Dozen Pack,Golf Balls,TaylorMade
740,Srixon ZX Mk II Fairway Wood - 3W Stiff,Drivers & Woods,Srixon
741,Bag Boy Chiller Cart Bag - Grey,Golf Bags,Bag Boy
742,Puma Golf Cloudspun Polo - Grey - Size M,Apparel,Puma Golf
743,Ping Anser Blade Putter - 34,Putters,Ping
744,Titleist Pro V1x - Yellow - Dozen Pack,Golf Balls,Titleist
745,TaylorMade P790 Driving Iron - 2i,Irons & Wedges,TaylorMade
746,Nike Golf Dri-FIT Polo - Silver - Size XXL,Apparel,Nike Golf
747,TaylorMade Spider GT Putter - 35,Putters,TaylorMade
748,Scotty Cameron Newport 2 Blade Putter - 34,Putters,Scotty Cameron
749,FootJoy Lisle Polo - Blue - Size L,Apparel,FootJoy
750,Callaway Chrome Soft Golf Balls - 2 Dozen Bundle,Golf Balls,Callaway
751,Nike Golf Air Max 90 G Golf Shoes - Size 10.5 - Silver,Footwear,Nike Golf
752,Mizuno ST-Z 230 Driver - 12.0 Ladies,Drivers & Woods,Mizuno
753,Callaway Fairway C Stand Bag - Navy,Golf Bags,Callaway
754,Puma Golf Cloudspun Polo - Navy - Size S,Apparel,Puma Golf
755,FootJoy Pro/SL Golf Shoes - Size 9.5 - Grey,Footwear,FootJoy
756,Srixon Z-Star Golf Balls - Dozen Pack,Golf Balls,Srixon
757,Srixon ZX Mk II Hybrid - 4H Senior,Drivers & Woods,Srixon
758,Evnroll ER2 Putter - 33,Putters,Evnroll
759,FootJoy Traditions Spiked Shoes - White - Size 9,Footwear,FootJoy
760,Nike Golf Air Max 90 G Spikeless Shoes - Size 12,Footwear,Nike Golf
761,TaylorMade Tour Response Golf Balls - 2 Dozen Bundle,Golf Balls,TaylorMade
762,Titleist Players 4 Stand Bag - Charcoal,Golf Bags,Titleist
763,Ping G430 MAX Fairway Wood - 3W X-Stiff,Drivers & Woods,Ping
764,TaylorMade Spider GT Blade Putter - 33,Putters,TaylorMade
765,Bettinardi Queen B #6 Mallet Putter - 33,Putters,Bettinardi
766,TaylorMade P790 Iron Set (5-PW) - Stiff,Irons & Wedges,TaylorMade
767,Peter Millar Crown Sport Polo - Black - Size L,Apparel,Peter Millar
768,TaylorMade Spider GT Blade Putter - 33,Putters,TaylorMade
769,Cleveland CBX ZipCore Wedge - 56,Irons & Wedges,Cleveland
770,Mizuno JPX923 Hot Metal Wedge - 50,Irons & Wedges,Mizuno
771,Bridgestone Tour B RXS Golf Balls - Dozen Pack,Golf Balls,Bridgestone
772,TaylorMade Stealth 2 Driver - 8.0 Stiff,Drivers & Woods,TaylorMade
773,Titleist Tour Performance Hat - Silver,Accessories,Titleist
774,Titleist TSR2 Driver - 8.0 X-Stiff,Drivers & Woods,Titleist
775,PXG 0211 Iron Set (5-PW) - Regular,Irons & Wedges,PXG
776,FootJoy Weather-Sof Rain Jacket - Size S,Apparel,FootJoy
777,FootJoy Pro/SL Golf Shoes - Size 11 - Grey,Footwear,FootJoy
778,FootJoy Lisle Performance Shorts - Black - Waist 34,Apparel,FootJoy
779,Cobra Aerojet Fairway Wood - 3W Senior,Drivers & Woods,Cobra
780,TaylorMade Spider GT Putter - 33,Putters,TaylorMade
781,Sun Mountain 4.5 LS Cart Bag - Black,Golf Bags,Sun Mountain
782,Cobra King Tour Wedge - 58,Irons & Wedges,Cobra
783,Callaway Chrome Soft Golf Balls - 2 Dozen Bundle,Golf Balls,Callaway
784,Under Armour HOVR Drive Spikeless Shoes - Size 8,Footwear,Under Armour
785,Mizuno JPX923 Hot Metal Iron Set (5-PW) - Regular,Irons & Wedges,Mizuno
786,Nike Golf Dri-FIT 1/4 Zip Pullover - White - Size XXL,Apparel,Nike Golf
787,Adidas Golf Ultimate365 1/4 Zip Pullover - Red - Size M,Apparel,Adidas Golf
788,Srixon Z-Star Golf Balls - 2 Dozen Bundle,Golf Balls,Srixon
789,TaylorMade P790 Driving Iron - 2i,Irons & Wedges,TaylorMade
790,Adidas Golf Codechaos Golf Shoes - Size 8 - Blue,Footwear,Adidas Golf
791,G/FORE MG4+ Golf Shoes - Size 11 - Black,Footwear,G/FORE
792,Callaway Fairway C Stand Bag - Charcoal,Golf Bags,Callaway
793,Titleist Pro V1x - Yellow - Dozen Pack,Golf Balls,Titleist
794,Sun Mountain 4.5 LS Cart Bag - Navy,Golf Bags,Sun Mountain
795,FootJoy Traditions Spiked Shoes - White - Size 9,Footwear,FootJoy
796,Under Armour HOVR Drive Spikeless Shoes - Size 11,Footwear,Under Armour
797,Oakley Sutro Sunglasses - Golf Prizm Lens,Accessories,Oakley
798,PXG 0211 Iron Set (5-PW) - Regular,Irons & Wedges,PXG
799,Under Armour Playoff 1/4 Zip Pullover - Black - Size M,Apparel,Under Armour
800,TaylorMade Stealth 2 Fairway Wood - 3W Regular,Drivers & Woods,TaylorMade
801,Wilson Staff Duo Soft - Yellow - Dozen Pack,Golf Bags,Wilson Staff
802,TaylorMade P790 Iron Set (5-PW) - Ladies,Irons & Wedges,TaylorMade
803,Ogio WOODE Hybrid Stand Bag - Blue,Golf Bags,Ogio
804,Mizuno ST-Z 230 Driver - 10.5 Regular,Drivers & Woods,Mizuno
805,Srixon Z-Star Golf Balls - Dozen Pack,Golf Balls,Srixon
806,Titleist T100 Wedge - 58,Irons & Wedges,Titleist
807,Titleist TSR2 Driver - 8.0 X-Stiff,Drivers & Woods,Titleist
808,Cobra Aerojet Hybrid - 4H Regular,Drivers & Woods,Cobra
809,Nike Golf Dri-FIT 1/4 Zip Pullover - Navy - Size M,Apparel,Nike Golf
810,PXG 0211 Wedge - 52,Irons & Wedges,PXG
811,PXG 0211 Iron Set (5-PW) - X-Stiff,Irons & Wedges,PXG
812,TaylorMade FlexTech Stand Bag - Green,Golf Bags,TaylorMade
813,Titleist Players 4 Cart Bag - Red,Golf Bags,Titleist
814,TaylorMade P790 Wedge - 56,Irons & Wedges,TaylorMade
815,Bushnell Phantom 2 GPS,Accessories,Bushnell
816,Nike Golf Air Max 90 G Spikeless Shoes - Size 10.5,Footwear,Nike Golf
817,Callaway Chrome Soft Golf Balls - 2 Dozen Bundle,Golf Balls,Callaway
818,Titleist Players 4 Cart Bag - Green,Golf Bags,Titleist
819,Titleist T100 Driving Iron - 2i,Irons & Wedges,Titleist
820,Titleist Players Sunday Bag,Golf Bags,Titleist
821,Callaway Paradym Driver - 12.0 Ladies,Drivers & Woods,Callaway
822,Callaway Fairway C Cart Bag - Blue,Golf Bags,Callaway
823,Sun Mountain 4.5 LS Stand Bag - Grey,Golf Bags,Sun Mountain
824,Srixon ZX5 Driving Iron - 2i,Irons & Wedges,Srixon
825,FootJoy Traditions Spiked Shoes - White - Size 8.5,Footwear,FootJoy
826,TaylorMade FlexTech Cart Bag - Black,Golf Bags,TaylorMade
827,G/FORE MG4+ Golf Shoes - Size 9.5 - White,Footwear,G/FORE
828,Cleveland CBX ZipCore Wedge - 52,Irons & Wedges,Cleveland
829,Srixon ZX Mk II Hybrid - 4H X-Stiff,Drivers & Woods,Srixon
830,TaylorMade Spider GT Putter - 35,Putters,TaylorMade
831,Bettinardi Queen B #6 Putter - 35,Putters,Bettinardi
832,Vice Golf Pro Plus - Yellow - Dozen Pack,Golf Balls,Vice Golf
833,Wilson Staff Dynapower Driver - 12.0 Ladies,Drivers & Woods,Wilson Staff
834,Callaway Apex Pro Driving Iron - 2i,Irons & Wedges,Callaway
835,Mizuno JPX923 Hot Metal Iron Set (5-PW) - Regular,Irons & Wedges,Mizuno
836,FootJoy Lisle Polo - Silver - Size XXL,Apparel,FootJoy
837,TaylorMade Tour Response Golf Balls - 2 Dozen Bundle,Golf Balls,TaylorMade
838,Peter Millar Crown Sport Performance Shorts - Green - Waist 34,Apparel,Peter Millar
839,Titleist Players Sunday Bag,Footwear,Titleist
840,Callaway Paradym Hybrid - 4H X-Stiff,Drivers & Woods,Callaway
841,Callaway Chrome Soft Golf Balls - Dozen Pack,Golf Balls,Callaway
842,FootJoy Pro/SL Golf Shoes - Size 9 - Black,Footwear,FootJoy
843,PXG GEN6 0311 Fairway Wood - 3W Ladies,Drivers & Woods,PXG
844,Bridgestone Tour B RXS - Yellow - Dozen Pack,Golf Balls,Bridgestone
845,Wilson Staff Duo Soft Golf Balls - 2 Dozen Bundle,Golf Balls,Wilson Staff
846,Titleist Players 4 Cart Bag - Black,Golf Bags,Titleist
847,Srixon ZX Mk II Fairway Wood - 3W Regular,Drivers & Woods,Srixon
848,TravisMathew The Zinna Polo - Navy - Size XXL,Apparel,TravisMathew
849,Nike Golf Dri-FIT 1/4 Zip Pullover - White - Size S,Apparel,Nike Golf
850,Scotty Cameron Newport 2 Blade Putter - 35,Putters,Scotty Cameron
851,Callaway Fairway C Players Sunday Bag,Golf Bags,Callaway
